{
    "Earth": {
        "mean_anomaly": 100.46691572,
        "mean_anomaly_change": 35999.37306329,
        "eccentricity": 0.01673163,
        "semi_major_axis": 1.00000018,
        "inclination": -0.00054346,
        "long_peri": 102.93005885,
        "long_node": -5.11260389
    }
}